amfi_code,benchmark,tracking_error
148567,NIFTY50,0.193911354317448
100033,NIFTY50,0.22965510762569744
120505,NIFTY50,0.2330221070104743
120843,NIFTY50,0.20505847525540416
120504,NIFTY50,0.19129251807490744
148567,NIFTY100,0.18958112571835609
100033,NIFTY100,0.22859987778683497
120505,NIFTY100,0.23186654441195823
120843,NIFTY100,0.2063351207604324
120504,NIFTY100,0.19150361445538708
